{
    "driver_information": {
        "name": "Angela Thompson",
        "address": "789 Willow Ave, Arlington, VA, 78901",
        "date_of_birth": "1984-04-22",
        "driver_license_number": "VA667788990",
        "license_class": "Class D"
    },
    "license_status": {
        "status": "Active",
        "expiration_date": "2032-04-22"
    },
    "violations": [
        {
            "date": "2020-12-12",
            "violation": "Driving with TV screen visible to driver",
            "points": 3,
            "duration": "3 years"
        }
    ],
    "accidents": [
        {
            "date": "2022-01-18",
            "type": "Minor",
            "description": "Bumper scratch in parking lot",
            "at_fault": "Yes",
            "points": 3,
            "duration": "3 years"
        }
    ],
    "history": {
        "suspensions": [],
        "safe_driving_points": {
            "total_safe_points": 2
        }
    },
    "vehicle_information": {
        "vin": "1HGCV1F13JA004321",
        "make": "Honda",
        "model": "Accord",
        "year": 2018,
        "vehicle_use": "Personal",
        "annual_mileage": 5000,
        "safety_features": [
            "Automatic Emergency Braking",
            "Electronic Stability Control",
            "Adaptive Headlights"
        ]
    },
    "insured_for": 5,
    "location": {
        "type": "Suburban",
        "population_density": "Medium",
        "crime_rate": "Low"
    }
}
